title,artist
I'll Be Your Reason,I'll Be Your Reason
Haunted,Haunted
Silk,Skeletons
Leave Me Now,Street 17
rock + roll,i think you think too much of me
i wrote this song 4 u,SOLOS
Untitled,SOLOS
Change,The Friendly Ghost
Alone,Nevers Road
Hopeless,Always Never
Wait,Mansion
Dead Eyes,Dead Eyes
3:00 AM,Our Love
Love,Love
Unknown Title,Unknown Artist
Unknown Title,Unknown Artist
Unknown Title,Unknown Artist
Unknown Title,Unknown Artist
Unknown Title,Unknown Artist
Unknown Title,Unknown Artist
Unknown Title,Unknown Artist
Unknown Title,Unknown Artist
Unknown Title,Unknown Artist
Unknown Title,Unknown Artist
Unknown Title,Unknown Artist
Crying,Crying
Unknown Title,Unknown Artist
Unknown Title,Unknown Artist
Unknown Title,Unknown Artist
Unknown Title,Unknown Artist
sucker,sucker
highschool,highschool
Neon,Comet 2
fall for you,"Biteki, Vol. 3"
i hate everything,i hate everything
bout u,bout u
Hopeless,Hopeless
Fall in Love,Fall in Love
Dark Place,Dark Place
Pick Up the Phone,Pick Up the Phone
don't text me,don't text me
medicine,medicine
"i still care, but i know that i shouldn't","i still care, but i know that i shouldn't"
paranoid,i think something's wrong with my head
about your love,about your love
Listen If You Hate Someone,Listen If You Hate Someone
No One Knows,When Stars Align
i miss u,i miss u
snow,i think something's wrong with my head
F U Till I F U,F U Till I F U
